"Location","Time","Date","Day_of_Week","Weather","Make","Model","Type","Color","Year_Range","Modified","Mod_Type","Class"
"Walmart","10:15 AM","21-Sep","Monday","Partly Cloudy","Toyota","RAV4","SUV","White","20-26","No","Stock","Economy"
"Walmart","10:15 AM","21-Sep","Monday","Partly Cloudy","Honda","CR-V","SUV","Gray","15-19","No","Stock","Economy"
"Walmart","10:15 AM","21-Sep","Monday","Partly Cloudy","Toyota","Camry","Sedan","Silver","15-19","No","Stock","Economy"
"Walmart","10:15 AM","21-Sep","Monday","Partly Cloudy","Chevrolet","Equinox","Crossover","Black","15-19","No","Stock","Economy"
"Walmart","10:15 AM","21-Sep","Monday","Partly Cloudy","Honda","Accord","Sedan","White","15-19","No","Stock","Economy"
"Walmart","10:15 AM","21-Sep","Monday","Partly Cloudy","Ford","Escape","SUV","Blue","20-26","No","Stock","Economy"
"Walmart","10:15 AM","21-Sep","Monday","Partly Cloudy","Toyota","Corolla","Sedan","Gray","10-14","No","Stock","Economy"
"Walmart","10:15 AM","21-Sep","Monday","Partly Cloudy","Chrysler","Pacifica","Minivan","White","15-19","No","Stock","Economy"
"Walmart","10:15 AM","21-Sep","Monday","Partly Cloudy","Nissan","Rogue","SUV","Silver","15-19","No","Stock","Economy"
"Walmart","10:15 AM","21-Sep","Monday","Partly Cloudy","Hyundai","Tucson","SUV","Black","20-26","No","Stock","Economy"
"Walmart","10:15 AM","21-Sep","Monday","Partly Cloudy","Chevrolet","Silverado 1500","Pickup","White","20-26","No","Stock","Economy"
"Walmart","10:15 AM","21-Sep","Monday","Partly Cloudy","Subaru","Outback","Crossover","Green","15-19","No","Stock","Economy"
"Walmart","10:15 AM","21-Sep","Monday","Partly Cloudy","Honda","Civic","Sedan","Black","10-14","Yes","Tint","Economy"
"Walmart","10:15 AM","21-Sep","Monday","Partly Cloudy","Kia","Sorento","SUV","Gray","20-26","No","Stock","Economy"
"Walmart","10:15 AM","21-Sep","Monday","Partly Cloudy","Toyota","Sienna","Minivan","Silver","10-14","No","Stock","Economy"
"Walmart","10:15 AM","21-Sep","Monday","Partly Cloudy","Ford","F-150","Pickup","Black","15-19","Yes","Wheels","Economy"
"Walmart","10:15 AM","21-Sep","Monday","Partly Cloudy","Lexus","RX","SUV","White","15-19","No","Stock","Luxury"
"Walmart","10:15 AM","21-Sep","Monday","Partly Cloudy","Hyundai","Elantra","Sedan","Blue","15-19","No","Stock","Economy"
"Walmart","10:15 AM","21-Sep","Monday","Partly Cloudy","Jeep","Grand Cherokee Limited","SUV","Black","10-14","No","Stock","Economy"
"Walmart","10:15 AM","21-Sep","Monday","Partly Cloudy","Mazda","CX-5","SUV","Red","20-26","Yes","Tint","Luxury"
"Walmart","3:15 PM","22-Sep","Tuesday","Sunny","Honda","Civic","SUV","Gray","20-26","No","Stock","Economy"
"Walmart","3:15 PM","22-Sep","Tuesday","Sunny","Toyota","Prius","Hatchback","Blue","15-19","No","Stock","Economy"
"Walmart","3:15 PM","22-Sep","Tuesday","Sunny","Kia","Sorento","SUV","White","20-26","No","Stock","Economy"
"Walmart","3:15 PM","22-Sep","Tuesday","Sunny","Ford","Fusion","Sedan","Black","15-19","No","Stock","Economy"
"Walmart","3:15 PM","22-Sep","Tuesday","Sunny","Nissan","Altima","Sedan","Silver","10-14","No","Stock","Economy"
"Walmart","3:15 PM","22-Sep","Tuesday","Sunny","GMC","Terrain","SUV","Red","20-26","No","Stock","Economy"
"Walmart","3:15 PM","22-Sep","Tuesday","Sunny","Volkswagen","Jetta","Sedan","Gray","15-19","No","Stock","Economy"
"Walmart","3:15 PM","22-Sep","Tuesday","Sunny","Dodge","Grand Caravan","Minivan","White","10-14","No","Stock","Economy"
"Walmart","3:15 PM","22-Sep","Tuesday","Sunny","Hyundai","Santa Fe","SUV","Black","20-26","No","Stock","Economy"
"Walmart","3:15 PM","22-Sep","Tuesday","Sunny","Subaru","Forester","SUV","Green","15-19","No","Stock","Economy"
"Walmart","3:15 PM","22-Sep","Tuesday","Sunny","Chevrolet","Malibu","Sedan","Blue","20-26","No","Stock","Economy"
"Walmart","3:15 PM","22-Sep","Tuesday","Sunny","Ram","1500","Pickup","Black","15-19","Yes","Wheels","Economy"
"Walmart","3:15 PM","22-Sep","Tuesday","Sunny","Acura","MDX","SUV","Orange","15-19","No","Stock","Luxury"
"Walmart","3:15 PM","22-Sep","Tuesday","Sunny","BMW","330i","Sedan","Black","20-26","No","Stock","Luxury"
"Walmart","3:15 PM","22-Sep","Tuesday","Sunny","Dodge","Challenger","Coupe","Red","15-19","Yes","Exhaust","Performance"
"Walmart","3:15 PM","22-Sep","Tuesday","Sunny","Ford","Mustang","Coupe","Blue","Pre 05","Yes","Multiple","Performance"
"Walmart","3:15 PM","22-Sep","Tuesday","Sunny","Toyota","Highlander","SUV","Silver","20-26","No","Stock","Economy"
"Walmart","3:15 PM","22-Sep","Tuesday","Sunny","Honda","Odyssey","Minivan","Gray","15-19","No","Stock","Economy"
"Walmart","3:15 PM","22-Sep","Tuesday","Sunny","Mazda","3","Hatchback","Red","20-26","No","Stock","Economy"
"Walmart","3:15 PM","22-Sep","Tuesday","Sunny","Honda","Civic","Sedan","Silver","Pre 05","No","Stock","Economy"
"VASA Fitness","10:00 AM","28-Sep","Monday","Sunny","Honda","Civic","Sedan","Black","20-26","Yes","Tint","Economy"
"VASA Fitness","10:00 AM","28-Sep","Monday","Sunny","Toyota","RAV4","SUV","White","20-26","No","Stock","Economy"
"VASA Fitness","10:00 AM","28-Sep","Monday","Sunny","BMW","3 Series","Sedan","Gray","10-14","No","Stock","Luxury"
"VASA Fitness","10:00 AM","28-Sep","Monday","Sunny","Ford","Mustang","Coupe","Blue","15-19","Yes","Exhaust","Performance"
"VASA Fitness","10:00 AM","28-Sep","Monday","Sunny","Toyota","Camry","Sedan","Silver","15-19","No","Stock","Economy"
"VASA Fitness","10:00 AM","28-Sep","Monday","Sunny","Honda","CR-V","SUV","Gray","20-26","No","Stock","Economy"
"VASA Fitness","10:00 AM","28-Sep","Monday","Sunny","Hyundai","Elantra","Sedan","White","20-26","No","Stock","Economy"
"VASA Fitness","10:00 AM","28-Sep","Monday","Sunny","Subaru","WRX","Sedan","Black","15-19","Yes","Wheels","Performance"
"VASA Fitness","10:00 AM","28-Sep","Monday","Sunny","Nissan","Rogue","SUV","Black","15-19","No","Stock","Economy"
"VASA Fitness","10:00 AM","28-Sep","Monday","Sunny","Toyota","Corolla","Sedan","Red","05-09","No","Stock","Economy"
"VASA Fitness","10:00 AM","28-Sep","Monday","Sunny","Jeep","Grand Cherokee","SUV","White","15-19","No","Stock","Economy"
"VASA Fitness","10:00 AM","28-Sep","Monday","Sunny","Chevrolet","Malibu","Sedan","Gray","15-19","No","Stock","Economy"
"VASA Fitness","10:00 AM","28-Sep","Monday","Sunny","Acura","TLX","Sedan","Black","20-26","No","Stock","Luxury"
"VASA Fitness","10:00 AM","28-Sep","Monday","Sunny","Ford","F-150","Pickup","White","15-19","No","Stock","Economy"
"VASA Fitness","10:00 AM","28-Sep","Monday","Sunny","Mazda","CX-5","SUV","Blue","20-26","No","Stock","Economy"
"VASA Fitness","10:00 AM","28-Sep","Monday","Sunny","Volkswagen","GTI","Hatchback","Gray","15-19","Yes","Wheels","Performance"
"VASA Fitness","10:00 AM","28-Sep","Monday","Sunny","Kia","Sportage","SUV","Silver","20-26","No","Stock","Economy"
"VASA Fitness","10:00 AM","28-Sep","Monday","Sunny","Honda","Accord","Sedan","White","15-19","No","Stock","Economy"
"VASA Fitness","10:00 AM","28-Sep","Monday","Sunny","Chevrolet","Equinox","Crossover","Black","10-14","No","Stock","Economy"
"VASA Fitness","10:00 AM","28-Sep","Monday","Sunny","Lexus","RX","SUV","Silver","15-19","No","Stock","Luxury"
"VASA Fitness","3:00 PM","29-Sep","Tuesday","Partly Cloudy","Honda","Civic","Sedan","Black","15-19","Yes","Tint","Economy"
"VASA Fitness","3:00 PM","29-Sep","Tuesday","Partly Cloudy","Toyota","Camry","Sedan","White","10-14","No","Stock","Economy"
"VASA Fitness","3:00 PM","29-Sep","Tuesday","Partly Cloudy","BMW","4 Series","Coupe","Gray","20-26","No","Stock","Luxury"
"VASA Fitness","3:00 PM","29-Sep","Tuesday","Partly Cloudy","Ford","Mustang","Coupe","Red","20-26","Yes","Exhaust","Performance"
"VASA Fitness","3:00 PM","29-Sep","Tuesday","Partly Cloudy","Honda","CR-V","SUV","Silver","15-19","No","Stock","Economy"
"VASA Fitness","3:00 PM","29-Sep","Tuesday","Partly Cloudy","Hyundai","Elantra","Sedan","Blue","15-19","No","Stock","Economy"
"VASA Fitness","3:00 PM","29-Sep","Tuesday","Partly Cloudy","Subaru","WRX","Sedan","Black","15-19","Yes","Wheels","Performance"
"VASA Fitness","3:00 PM","29-Sep","Tuesday","Partly Cloudy","Toyota","RAV4","SUV","White","20-26","No","Stock","Economy"
"VASA Fitness","3:00 PM","29-Sep","Tuesday","Partly Cloudy","Chevrolet","Malibu","Sedan","Gray","15-19","No","Stock","Economy"
"VASA Fitness","3:00 PM","29-Sep","Tuesday","Partly Cloudy","Volkswagen","GTI","Hatchback","Black","20-26","Yes","Wheels","Performance"
"VASA Fitness","3:00 PM","29-Sep","Tuesday","Partly Cloudy","Nissan","Rogue","SUV","Silver","10-14","No","Stock","Economy"
"VASA Fitness","3:00 PM","29-Sep","Tuesday","Partly Cloudy","Acura","TLX","Sedan","White","20-26","No","Stock","Luxury"
"VASA Fitness","3:00 PM","29-Sep","Tuesday","Partly Cloudy","Dodge","Charger","Sedan","Black","15-19","Yes","Tint","Performance"
"VASA Fitness","3:00 PM","29-Sep","Tuesday","Partly Cloudy","Mazda","CX-5","SUV","Red","20-26","No","Stock","Economy"
"VASA Fitness","3:00 PM","29-Sep","Tuesday","Partly Cloudy","Honda","Accord","Sedan","Gray","05-09","No","Stock","Economy"
"VASA Fitness","3:00 PM","29-Sep","Tuesday","Partly Cloudy","Lexus","IS","Sedan","Blue","15-19","No","Stock","Luxury"
"VASA Fitness","3:00 PM","29-Sep","Tuesday","Partly Cloudy","Kia","K5","Sedan","White","20-26","No","Stock","Economy"
"VASA Fitness","3:00 PM","29-Sep","Tuesday","Partly Cloudy","Ford","F-150","Pickup","Black","20-26","No","Stock","Economy"
"VASA Fitness","3:00 PM","29-Sep","Tuesday","Partly Cloudy","Mercedes-Benz","C-Class","Sedan","Silver","15-19","No","Stock","Luxury"
"VASA Fitness","3:00 PM","29-Sep","Tuesday","Partly Cloudy","Toyota","Corolla","Sedan","Gray","15-19","No","Stock","Economy"
"Aldi's","3:30 PM","26-Sep","Saturday","Sunny","Ford","Escape","SUV","Silver","10-14","No","Stock","Economy"
"Aldi's","3:30 PM","26-Sep","Saturday","Sunny","Honda","Accord","Sedan","Blue","15-19","No","Stock","Economy"
"Aldi's","3:30 PM","26-Sep","Saturday","Sunny","Toyota","Camry","Sedan","Black","15-19","No","Stock","Economy"
"Aldi's","3:30 PM","26-Sep","Saturday","Sunny","Nissan","Altima","Sedan","Yellow","Pre 05","No","Stock","Economy"
"Aldi's","3:30 PM","26-Sep","Saturday","Sunny","Honda","CR-V","SUV","Gray","10-14","No","Stock","Economy"
"Aldi's","3:30 PM","26-Sep","Saturday","Sunny","Chevrolet","Equinox","Crossover","White","10-14","No","Stock","Economy"
"Aldi's","3:30 PM","26-Sep","Saturday","Sunny","Toyota","Corolla","Sedan","Black","15-19","No","Stock","Economy"
"Aldi's","3:30 PM","26-Sep","Saturday","Sunny","Hyundai","Sonata","Sedan","Black","15-19","Yes","Multiple","Economy"
"Aldi's","3:30 PM","26-Sep","Saturday","Sunny","Ford","Fusion","Sedan","Gray","15-19","No","Stock","Economy"
"Aldi's","3:30 PM","26-Sep","Saturday","Sunny","Jeep","Grand Cherokee","SUV","Black","15-19","No","Stock","Economy"
"Aldi's","3:30 PM","26-Sep","Saturday","Sunny","Honda","Civic","Sedan","Gray","20-26","No","Stock","Economy"
"Aldi's","3:30 PM","26-Sep","Saturday","Sunny","Toyota","RAV4","SUV","Silver","15-19","No","Stock","Economy"
"Aldi's","3:30 PM","26-Sep","Saturday","Sunny","Nissan","Rogue","SUV","Red","15-19","No","Stock","Economy"
"Aldi's","3:30 PM","26-Sep","Saturday","Sunny","Chevrolet","Malibu","Sedan","Black","05-09","No","Stock","Economy"
"Aldi's","3:30 PM","26-Sep","Saturday","Sunny","Kia","Optima SXL","Sedan","Orange","15-19","No","Stock","Luxury"
"Aldi's","3:30 PM","26-Sep","Saturday","Sunny","Kia","Forte","Sedan","Red","20-26","No","Stock","Economy"
"Aldi's","3:30 PM","26-Sep","Saturday","Sunny","Toyota","Camry","Sedan","Silver","15-19","No","Stock","Economy"
"Aldi's","3:30 PM","26-Sep","Saturday","Sunny","Jeep","Grand Cherokee","SUV","Black","15-19","No","Stock","Economy"
"Aldi's","3:30 PM","26-Sep","Saturday","Sunny","Subaru","Outback","SUV","Green","20-26","No","Stock","Economy"
"Aldi's","3:30 PM","26-Sep","Saturday","Sunny","Ford","F-150","Pickup","White","15-19","No","Stock","Economy"
"Aldi's","10:00 AM","27-Sep","Sunday","Sunny","Honda","CR-V","SUV","Silver","10-14","No","Stock","Economy"
"Aldi's","10:00 AM","27-Sep","Sunday","Sunny","Ford","Escape","SUV","Gray","15-19","No","Stock","Economy"
"Aldi's","10:00 AM","27-Sep","Sunday","Sunny","Jeep","Grand Cherokee","SUV","Blue","15-19","No","Stock","Economy"
"Aldi's","10:00 AM","27-Sep","Sunday","Sunny","Hyundai","Sonata","Sedan","Silver","20-26","No","Stock","Economy"
"Aldi's","10:00 AM","27-Sep","Sunday","Sunny","Hyundai","Elantra","Sedan","White","15-19","No","Stock","Economy"
"Aldi's","10:00 AM","27-Sep","Sunday","Sunny","Chevrolet","Malibu","Sedan","Gray","15-19","Yes","Wheels","Economy"
"Aldi's","10:00 AM","27-Sep","Sunday","Sunny","Kia","Optima","Sedan","Black","15-19","No","Stock","Economy"
"Aldi's","10:00 AM","27-Sep","Sunday","Sunny","Volkswagen","Jetta","Sedan","White","15-19","No","Stock","Economy"
"Aldi's","10:00 AM","27-Sep","Sunday","Sunny","Mazda","CX-30","SUV","Blue","20-26","No","Stock","Economy"
"Aldi's","10:00 AM","27-Sep","Sunday","Sunny","Subaru","Outback","SUV","Silver","15-19","No","Stock","Economy"
"Aldi's","10:00 AM","27-Sep","Sunday","Sunny","Toyota","Highlander","SUV","White","15-19","No","Stock","Economy"
"Aldi's","10:00 AM","27-Sep","Sunday","Sunny","Ford","Explorer","SUV","Black","15-19","No","Stock","Economy"
"Aldi's","10:00 AM","27-Sep","Sunday","Sunny","Chevrolet","Traverse","SUV","Gray","15-19","No","Stock","Economy"
"Aldi's","10:00 AM","27-Sep","Sunday","Sunny","Dodge","Charger","Sedan","Red","15-19","Yes","Exhaust","Performance"
"Aldi's","10:00 AM","27-Sep","Sunday","Sunny","Chrysler","300","Sedan","Black","15-19","Yes","Spoiler","Luxury"
"Aldi's","10:00 AM","27-Sep","Sunday","Sunny","Lexus","RX","SUV","White","20-26","No","Stock","Luxury"
"Aldi's","10:00 AM","27-Sep","Sunday","Sunny","Acura","MDX","SUV","Gray","15-19","No","Stock","Luxury"
"Aldi's","10:00 AM","27-Sep","Sunday","Sunny","GMC","Terrain","SUV","Black","20-26","No","Stock","Economy"
"Aldi's","10:00 AM","27-Sep","Sunday","Sunny","Kia","Sorento","SUV","White","15-19","No","Stock","Economy"
"Aldi's","10:00 AM","27-Sep","Sunday","Sunny","Hyundai","Santa Fe","SUV","Silver","15-19","No","Stock","Economy"
"IEC Community Center","10:00 AM","28-Sep","Monday","Sunny","Honda","Fit","Hatchback","Blue","10-14","No","Stock","Economy"
"IEC Community Center","10:00 AM","28-Sep","Monday","Sunny","Nissan","Altima","Sedan","White","15-19","No","Stock","Economy"
"IEC Community Center","10:00 AM","28-Sep","Monday","Sunny","Toyota","Camry","Sedan","White","20-26","No","Stock","Economy"
"IEC Community Center","10:00 AM","28-Sep","Monday","Sunny","Honda","Civic","Sedan","Silver","10-14","No","Stock","Economy"
"IEC Community Center","10:00 AM","28-Sep","Monday","Sunny","Honda","Accord","Sedan","Gray","15-19","No","Stock","Economy"
"IEC Community Center","10:00 AM","28-Sep","Monday","Sunny","Toyota","Corolla","Sedan","Blue","15-19","No","Stock","Economy"
"IEC Community Center","10:00 AM","28-Sep","Monday","Sunny","Chevrolet","Malibu","Sedan","Silver","10-14","No","Stock","Economy"
"IEC Community Center","10:00 AM","28-Sep","Monday","Sunny","Hyundai","Elantra","Sedan","Gray","10-14","No","Stock","Economy"
"IEC Community Center","10:00 AM","28-Sep","Monday","Sunny","Ford","Fusion","Sedan","Black","15-19","Yes","Tint","Economy"
"IEC Community Center","10:00 AM","28-Sep","Monday","Sunny","Toyota","RAV4","SUV","White","20-26","No","Stock","Economy"
"IEC Community Center","10:00 AM","28-Sep","Monday","Sunny","Honda","CR-V","SUV","Silver","10-14","No","Stock","Economy"
"IEC Community Center","10:00 AM","28-Sep","Monday","Sunny","Ford","Escape","SUV","Red","10-14","No","Stock","Economy"
"IEC Community Center","10:00 AM","28-Sep","Monday","Sunny","Nissan","Rogue","SUV","Blue","15-19","No","Stock","Economy"
"IEC Community Center","10:00 AM","28-Sep","Monday","Sunny","Chevrolet","Equinox","SUV","White","15-19","No","Stock","Economy"
"IEC Community Center","10:00 AM","28-Sep","Monday","Sunny","Jeep","Grand Cherokee","SUV","Yellow","20-26","No","Stock","Economy"
"IEC Community Center","10:00 AM","28-Sep","Monday","Sunny","Toyota","Sienna","Minivan","Silver","15-19","No","Stock","Economy"
"IEC Community Center","10:00 AM","28-Sep","Monday","Sunny","Honda","Odyssey","Minivan","Gray","15-19","No","Stock","Economy"
"IEC Community Center","10:00 AM","28-Sep","Monday","Sunny","Chevrolet","Silverado","Pickup","White","15-19","No","Stock","Economy"
"IEC Community Center","10:00 AM","28-Sep","Monday","Sunny","Ford","F-150","Pickup","Red","10-14","No","Stock","Economy"
"IEC Community Center","10:00 AM","28-Sep","Monday","Sunny","Kia","Soul","Hatchback","White","15-19","No","Stock","Economy"
"IEC Community Center","3:45 PM","29-Sep","Tuesday","Partly Cloudy","Mercedes-Benz","C-Class","Sedan","Blue","15-19","Yes","Multiple","Luxury"
"IEC Community Center","3:45 PM","29-Sep","Tuesday","Partly Cloudy","Subaru","Outback","SUV","Silver","15-19","No","Stock","Economy"
"IEC Community Center","3:45 PM","29-Sep","Tuesday","Partly Cloudy","Kia","Sorento","SUV","White","15-19","No","Stock","Economy"
"IEC Community Center","3:45 PM","29-Sep","Tuesday","Partly Cloudy","Hyundai","Santa Fe","SUV","Gray","15-19","No","Stock","Economy"
"IEC Community Center","3:45 PM","29-Sep","Tuesday","Partly Cloudy","Toyota","Sienna","Minivan","Silver","10-14","No","Stock","Economy"
"IEC Community Center","3:45 PM","29-Sep","Tuesday","Partly Cloudy","Acura","MDX","SUV","Red","15-19","Yes","Tint","Luxury"
"IEC Community Center","3:45 PM","29-Sep","Tuesday","Partly Cloudy","Nissan","Altima","Sedan","Gray","15-19","No","Stock","Economy"
"IEC Community Center","3:45 PM","29-Sep","Tuesday","Partly Cloudy","Toyota","Corolla","Sedan","White","15-19","No","Stock","Economy"
"IEC Community Center","3:45 PM","29-Sep","Tuesday","Partly Cloudy","Honda","Civic","Sedan","Black","10-14","No","Stock","Economy"
"IEC Community Center","3:45 PM","29-Sep","Tuesday","Partly Cloudy","Ford","Fusion","Sedan","Silver","15-19","No","Stock","Economy"
"IEC Community Center","3:45 PM","29-Sep","Tuesday","Partly Cloudy","Chrysler","300","Sedan","Black","15-19","No","Stock","Luxury"
"IEC Community Center","3:45 PM","29-Sep","Tuesday","Partly Cloudy","Hyundai","Sonata","Sedan","White","15-19","No","Stock","Economy"
"IEC Community Center","3:45 PM","29-Sep","Tuesday","Partly Cloudy","Hyundai","Elantra","Sedan","Silver","15-19","Yes","Wheels","Economy"
"IEC Community Center","3:45 PM","29-Sep","Tuesday","Partly Cloudy","Kia","Optima","Sedan","Black","15-19","No","Stock","Economy"
"IEC Community Center","3:45 PM","29-Sep","Tuesday","Partly Cloudy","BMW","3 Series","Coupe","Blue","20-26","Yes","LEDs","Luxury"
"IEC Community Center","3:45 PM","29-Sep","Tuesday","Partly Cloudy","Lexus","RX","SUV","White","10-14","No","Stock","Luxury"
"IEC Community Center","3:45 PM","29-Sep","Tuesday","Partly Cloudy","Chevrolet","Corvette","Coupe","Red","15-19","Yes","Exhaust","Performance"
"IEC Community Center","3:45 PM","29-Sep","Tuesday","Partly Cloudy","Ford","F-150","Pickup","Black","15-19","No","Stock","Economy"
"IEC Community Center","3:45 PM","29-Sep","Tuesday","Partly Cloudy","Toyota","Camry","Sedan","Silver","15-19","No","Stock","Economy"
"IEC Community Center","3:45 PM","29-Sep","Tuesday","Partly Cloudy","Dodge","Charger","Sedan","Red","15-19","No","Stock","Performance"
